1,Kiev,3,500.000000|700.000000|400.000000|600.000000,Bathroom|Kitchen|2 Bedrooms,50% deposit,WiFi|Parking,2
